{
	"Name": "",
	"Lang": "",
	"Email": "",
	"PrinterID": 0,
	"Port": 8080,
	"ViewMode": 0,
	"PrinterType": 0,
	"ZAxisPin": 0,
	"DirectionPin": 0,
	"ReverseDirectionPin": 0,
	"LimitPin": 0,
	"LimitPinB": 0,
	"LimitPinMode": 0,
	"LimitPinReset": 0,
	"WaitPin": 0,
	"EnablePin": 0,
	"EnablePinState": 0,
	"EnablePinMode": 0,
	"FaultPin": 0,
	"FaultPinState": 0,
	"ShutterPin": 0,
	"ShutterType": 0,
	"ShutterMode": 0,
	"ShutterOpen": 500,
	"ShutterClose": 500,
	"ShutterOpenGcode": "",
	"ShutterCloseGcode": "",
	"ShutterSignalLength": 0,
	"FanOnGcode": "",
	"FanOffGcode": "",
	"MaxSpeed": 0,
	"MinSpeed": 0,
	"StartupSpeed": 0,
	"StopPositionMm": 0,
	"ResinDistanceMm": 0,
	"ZAxisHeight": 0,
	"MotorDegree": 0,
	"MicroStep": 0,
	"LeadscrewPitch": 0,
	"LCDType": 0,
	"LCDAddress": 0,
	"LCDPath": "",
	"ShieldType": 0,
	"ShieldEncoding": 0,
	"ShieldI2CAddress": 0,
	"ShieldUSBAddress": "",
	"ShieldSpeed": 300,
	"ShieldBootup": "",
	"ShieldShutdown": "",
	"ShieldStart": "",
	"ShieldResume": "",
	"ShieldPause": "",
	"ShieldUnpause": "",
	"ShieldFinish": "",
	"ShieldForceStop": "",
	"ShieldAxisMode": 0,
	"ShieldPositioning": 0,
	"ManualMoveGcode": "",
	"TopGcode": "",
	"BottomGcode": "",
	"CalibrationGcode": "",
	"CameraFrequency": 0,
	"CameraStore": 0,
	"CameraCommand": "",
	"ShutdownPin": 0,
	"ProjectorWidth": 1920,
	"ProjectorHeight": 1080,
	"ProjectorType": 0,
	"ProjectorPowerCycle": 0,
	"ProjectorSpeed": 300,
	"ProjectorAddress": "",
	"ProjectorOn": "",
	"ProjectorOff": "",
	"ProjectorLampQuery": "",
	"ProjectorLampEffect": 0,
	"ProjectorOnSyscall": "",
	"ProjectorOffSyscall": "",
	"ProjectorWarmup": 0,
	"FBPath": "",
	"DispConn": "",
	"XYRes": 50,
	"YRes": 0,
	"Mute": 0,
	"DisplayID": 0,
	"DefaultProfile": 2,
	"SpeedFormula": "",
	"RemoteSlicer": "",
	"PressureType": 0,
	"PressureAddress": "",
	"PressureSpeed": 0,
	"PressureRegex": "",
	"PressureDebug": false,
	"ScaleClockPin": 0,
	"ScaleDataPin": 0,
	"OpenScaleAddress": "",
	"BoardParser": "",
	"Theme": 3,
	"AutoSlice": 0,
	"PreviewGenerate": 0,
	"USBDisplayAddress": "",
	"USBDisplayBaud": 0,
	"UUID": "60a6ba1b7b03deddf07587be6b980c4e0c9196bffa0388158057680572451bf9",
	"SlicerExportFormat": 0,
	"PreviewWidth": 0,
	"PreviewHeight": 0,
	"BarrelFactor": 0,
	"BarrelX": 0,
	"BarrelY": 0,
	"ImageMirror": 0,
	"DisplayController": 0,
	"LightOutputFormula": ""
}