[
	{
		"ResinID": 0,
		"ProfileID": 2,
		"Title": "Athena Std. Resin Profile v1.2 Clean",
		"Desc": "Athena Standard Resin Profile\r\nVersion 1.2\r\nDetections Systems:\r\n- Dynamic Wait\r\n- Separation Detection",
		"Color": "",
		"ResinPrice": 50,
		"Depth": 50,
		"SupportTopWait": 0,
		"SupportWaitHeight": 7,
		"SupportDepth": 50,
		"SupportWaitBeforePrint": 0,
		"SupportWaitAfterPrint": 1,
		"TransitionalLayer": 0,
		"Updated": 1690697244,
		"CustomValues": {
			"CdThreshold": "2",
			"DwFlowEndSlope": "77",
			"FssScale": "1",
			"PdPeelEndSlope": "5",
			"PdPeelStartSlope": "4",
			"UvPwmValue": "0.70"
		},
		"ZStepWait": 0,
		"TopWait": 0,
		"WaitHeight": 5,
		"CureTime": 1.4,
		"WaitBeforePrint": 0,
		"WaitAfterPrint": 0,
		"SupportCureTime": 26,
		"SupportLayerNumber": 4,
		"AdaptSlicing": 0,
		"AdaptSlicingMin": 0,
		"AdaptSlicingMax": 0,
		"SupportOffset": 0,
		"Offset": 0,
		"FillColor": "",
		"BlankColor": "",
		"DimAmount": 0,
		"DimWall": 0,
		"DimSkip": 0,
		"PixelDiming": 0,
		"HatchingType": 0,
		"ElephantMidExposure": 1,
		"ElephantType": 0,
		"ElephantAmount": 0,
		"ElephantWall": 0,
		"ElephantLayers": 0,
		"HatchingWall": 0,
		"HatchingGap": 0,
		"HatchingOuterWall": 0,
		"HatchingTopCap": 0,
		"HatchingBottomCap": 0,
		"MultiCureGap": 0,
		"AntiAliasThreshold": 0,
		"AntiAlias": 1,
		"AntiAlias3D": 0,
		"ImageRotate": 0,
		"IgnoreMask": 0,
		"XYRes": 0,
		"YRes": 0,
		"ZResPerc": 0,
		"DynamicCureTime": "",
		"DynamicSpeed": "",
		"ShieldBeforeLayer": "",
		"ShieldAfterLayer": "",
		"ShieldDuringCure": "",
		"ShieldStart": "",
		"ShieldResume": "",
		"ShieldFinish": "",
		"LaserCode": "",
		"ShutterOpenGcode": "",
		"ShutterCloseGcode": "",
		"SeparationDetection": "",
		"ResinLevelDetection": "",
		"CrashDetection": "",
		"DynamicWait": "",
		"SlowSectionHeight": 0,
		"SlowSectionStepWait": 0,
		"JumpPerLayer": 0,
		"DynamicWaitAfterLift": "",
		"DynamicLift": "",
		"JumpHeight": 0,
		"LowQualityCureTime": 0,
		"LowQualitySkipPerLayer": 0,
		"XYResPerc": 0
	}
]